order_purchase_timestamp,orders,revenue,freight,gmv,quantity,avg_delivery_days,avg_review_score,review_count,aov,orders_pct_change,orders_roll_mean,orders_roll_std,orders_zscore,revenue_pct_change,revenue_roll_mean,revenue_roll_std,revenue_zscore,aov_pct_change,aov_roll_mean,aov_roll_std,aov_zscore,avg_delivery_days_pct_change,avg_delivery_days_roll_mean,avg_delivery_days_roll_std,avg_delivery_days_zscore,avg_review_score_pct_change,avg_review_score_roll_mean,avg_review_score_roll_std,avg_review_score_zscore
2016-09-05,2,132.39,78.9,211.29000000000002,3.0,,1.0,2,66.195,,,,,,,,,,,,,,,,,,,,
2016-09-12,0,,,,,,,0,,-100.0,1.0,1.4142135623730951,-0.7071067811865475,,,,,,,,,,,,,,,,
2016-09-19,2,134.97,8.49,143.46,3.0,54.81319444444444,1.0,2,67.485,inf,1.3333333333333333,1.1547005383792517,0.5773502691896257,,133.68,1.8243354954612914,0.7071067811865437,,66.84,0.9121677477306457,0.7071067811865437,,,,,,1.0,0.0,
2016-09-26,0,,,,,,,0,,-100.0,1.0,1.1547005383792515,-0.8660254037844387,,133.68,1.8243354954612914,,,66.84,0.9121677477306457,,,,,,,1.0,0.0,
2016-10-03,9,563.48,141.0,704.48,9.0,26.37357928240741,2.7777777777777777,9,62.60888888888889,inf,2.75,4.272001872658766,1.4630143399516318,,349.225,303.0023268062475,0.7071067811865475,,65.04694444444445,3.4479312324857374,-0.7071067811865481,,40.59338686342593,20.109844735412143,-0.7071067811865475,,1.8888888888888888,1.2570787221094177,0.7071067811865476
2016-10-10,314,48944.18,7160.18,56104.36,354.0,19.371090613514276,3.592233009708738,309,155.8731847133758,3388.8888888888887,81.25,155.21463633734203,1.4995364193241632,8586.054518350253,16547.54333333333,28057.12842913603,1.154666870078702,148.9633460673639,95.32235786742156,52.49520062528121,1.15345452774198,-26.55115027774849,33.519288113455374,18.7704967173007,-0.7537465690452803,29.32038834951458,2.4566702624955052,1.3256132623936634,0.8566320052974908
2016-10-17,0,,,,,,,0,,-100.0,80.75,155.55786704631817,-0.5190994292558425,,24753.829999999998,34210.321048552,,,109.24103680113234,65.9478160200829,,,22.87233494796084,4.95150722295629,,,3.185005393743258,0.5759068174712445,
2016-10-24,1,,,,,,1.0,1,,inf,81.0,155.38554201297708,-0.5148484148758111,,24753.829999999998,34210.321048552,,,109.24103680113234,65.9478160200829,,,22.87233494796084,4.95150722295629,,,2.4566702624955052,1.3256132623936634,-1.0988651847562176
2016-10-31,0,,,,,,,0,,-100.0,78.75,156.8340417979039,-0.50212313026707,,,,,,,,,,,,,,2.296116504854369,1.8329855395806622,
2016-11-07,0,,,,,,,0,,,0.25,0.49999999999851336,-0.5000000000014867,,,,,,,,,,,,,,,,
2016-11-14,0,,,,,,,0,,,0.25,0.49999999999851336,-0.5000000000014867,,,,,,,,,,,,,,,,
2016-11-21,0,,,,,,,0,,,0.0,0.0,,,,,,,,,,,,,,,,,
2016-11-28,0,,,,,,,0,,,0.0,0.0,,,,,,,,,,,,,,,,,
2016-12-05,0,,,,,,,0,,,0.0,0.0,,,,,,,,,,,,,,,,,
2016-12-12,0,,,,,,,0,,,0.0,0.0,,,,,,,,,,,,,,,,,
2016-12-19,0,,,,,,,0,,,0.0,0.0,,,,,,,,,,,,,,,,,
2016-12-26,1,10.9,8.72,19.62,1.0,4.693020833333334,5.0,1,10.9,inf,0.25,0.5,1.5,,,,,,,,,,,,,,,,
2017-01-02,0,,,,,,,0,,-100.0,0.25,0.5,-0.5,,,,,,,,,,,,,,,,
2017-01-09,51,4048.55,679.13,4727.68,53.0,12.742763605442176,4.411764705882353,51,79.38333333333334,inf,13.0,25.337718918639855,1.499740372131331,,2029.7250000000001,2855.0496950578636,0.7071067811865476,,45.14166666666667,48.42502939825874,0.7071067811865475,,8.717892219387755,5.69202770096556,0.7071067811865476,,4.705882352941177,0.4159451654038513,-0.7071067811865475
2017-01-16,94,15571.37,2104.85,17676.22,107.0,13.692170408053402,3.978021978021978,91,165.65287234042555,84.31372549019606,36.5,45.125750224603834,1.2742170426819712,284.615973620185,6543.606666666667,8074.715938200757,1.1180285972195996,108.67462398541954,85.31206855791963,77.54660083089038,1.0360325652146762,7.4505565041303345,10.375984948942971,4.9444316330283336,0.6706909317865024,-9.831501831501832,4.4632622279681105,0.5129315406925736,-0.9460136713194673
2017-01-23,217,27584.01,4579.72,32163.73,269.0,11.954057579620683,3.9813084112149535,214,127.1152534562212,130.85106382978725,90.5,92.67326115624363,1.3650107746475628,77.14568467642857,15734.643333333333,11768.579480503724,1.0068646505975318,-23.264081292238316,124.05048637666003,43.216350355658506,0.07091684175870906,-12.694209731792439,12.796330531038754,0.8702936933753995,-0.9678031196013253,0.08261475706097254,4.123698365039762,0.2494781808207144,-0.5707511308459317
2017-01-30,368,61992.81,7940.51,69933.32,441.0,12.620774857342807,4.098360655737705,366,168.45872282608696,69.5852534562212,182.5,142.27321134587027,1.3038294296249782,124.74183412781534,27299.184999999998,25045.707639558383,1.3852124084209638,32.52439675471721,135.15254548901675,41.69082422842868,0.798885077315381,5.577330318859652,12.752441612614767,0.7159928005650885,-0.1838939653695447,2.940044639421213,4.117363937714247,0.20409166653388275,-0.09311150376337068
2017-02-06,499,70448.65,10665.92,81114.57,535.0,12.423507445486612,4.068825910931174,494,141.17965931863725,35.597826086956516,294.5,176.47379408852748,1.158812281768098,13.640033416778486,43899.20999999999,26463.20335471627,1.0032587379588105,-16.193322049349746,150.60162698534273,19.881306755059292,-0.47391088436919926,-1.5630372468091736,12.672627572625874,0.7349739156249432,-0.3389509775016126,-0.720647773279337,4.0316292389764525,0.06121709598119943,0.6076190214273715
2017-02-13,541,79733.54,12095.13,91828.67,587.0,12.484818558696762,4.08364312267658,538,147.38177449168205,8.416833667334679,406.25,146.10355916267062,0.9222910158538324,13.179656388021632,59939.752499999995,22754.78021636534,0.8698738160417044,4.393065688766717,146.03385252315687,17.18689698635504,0.07842730247323425,0.49350888611110477,12.370789610286716,0.28979301829201387,0.3934841118054263,0.364164308568693,4.058034525140103,0.052552664512551965,0.48729398925835177
2017-02-20,396,51587.09,8388.01,59975.1,435.0,13.663399407305658,3.94910941475827,393,130.2704292929293,-26.80221811460258,451.0,82.2962129545866,-0.668317508490343,-35.30064010703651,65940.52249999999,12002.444248655826,-1.195875790183942,-11.610217924006939,146.82264648233388,16.06498907249782,-1.030328568211781,9.440111949307518,12.798125067207959,0.5827097937940018,1.484914702503848,-3.2944531115180253,4.049984776025932,0.06832260951432706,-1.4764565051706426
2017-02-27,359,45429.11,8044.99,53474.1,412.0,14.375801338536421,3.941011235955056,356,126.54348189415042,-9.343434343434343,448.75,85.38686471973699,-1.051098436446683,-11.93705634491109,61799.59749999999,16007.504210695197,-1.0226758203232125,-2.8609312328267356,136.34383624934975,9.629027000771746,-1.0177928002916445,5.213943543580024,13.236881687506363,0.9497775079988109,1.1991436325227063,-0.20506341943705708,4.01064742108027,0.07604655072990603,-0.9157047158199216
2017-03-06,559,77467.38,12027.39,89494.77,618.0,12.581700825947543,4.028880866425993,554,138.58207513416818,55.71030640668524,463.75,100.99958745790335,0.9430731589839436,70.52365762833568,63554.28,17579.137538406132,0.7914552104506419,9.513404451829178,135.6944402032325,9.275274489990096,0.31132608895316616,-12.480003516600712,13.276430032621596,0.9069472534217249,-0.7660083913954011,2.229621414658145,4.0006611599539745,0.06806382748680818,0.41460651735296655
2017-03-13,588,84983.57,13303.7,98287.27,668.0,13.301221500398249,4.0843373493975905,581,144.52988095238098,5.187835420393561,475.5,114.77659459431032,0.980164992676798,9.702393446118872,64866.787500000006,19301.412226301596,1.0422440733423288,4.291901252347707,134.98146681840723,8.114391677052383,1.1767258118654542,5.718787025732008,13.480530768046968,0.7472164817703973,-0.23996963667594365,1.3764736364814123,4.000834716634228,0.06834625542360241,1.221758708590878
2017-03-20,623,95662.82,13630.99,109293.81,704.0,13.44828175154321,4.084006462035541,619,153.55187800963083,5.952380952380953,532.25,118.42684098913838,0.7662958772017165,12.566252512103215,75885.72,21633.394710340774,0.91419309196751,6.242305741760323,140.80182899758262,11.323866985610696,1.1259447879641973,1.1056146320137294,13.426751354106354,0.7373437846472847,0.029199944293494685,-0.0081013719911871,4.034558978453545,0.06759280269672571,0.7315495379568109
2017-03-27,646,84192.48,13339.65,97532.13,720.0,12.389947186263935,4.05607476635514,642,130.32891640866873,3.6918138041733606,604.0,38.32318706301274,1.0959422537311856,-11.990384561107447,85576.5625,7522.383391064229,-0.18399520843940806,-15.123853841439526,141.74818762621217,9.789261938140221,-1.1665099258456342,-7.869663833878471,12.930287816038234,0.5226185356000376,-1.0339101906401273,-0.6839287826807094,4.063324861053566,0.026509155177194016,-0.2734939929229909
2017-04-03,526,79242.82,11210.12,90452.94,591.0,13.39862663452407,4.187739463601533,522,150.65174904942967,-18.57585139318886,595.75,52.25817320445355,-1.3347194462215868,-5.878981115653071,86020.4225,6912.02242680768,-0.9805527357251692,15.593494675452678,144.76560610502756,10.33309938143933,0.5696396334845093,8.141111766629683,13.134519268182366,0.500125589666836,0.5280820893760757,3.246111199392643,4.103039510347451,0.05799941669748385,1.460358708361907
2017-04-10,601,96414.18,12034.98,108449.16,661.0,13.783787160973581,4.073578595317726,598,160.42292845257901,14.258555133079852,599.0,52.019227214559805,0.038447322405439625,21.669294454690014,88878.075,8517.014005411018,0.8848294713631054,6.485938241542333,148.73886798007706,12.93918809298277,0.9029979615829604,2.874626907335953,13.2551606833262,0.6016418022131776,0.878639874594478,-2.7260737989088346,4.100349821827486,0.059388646514861476,-0.4507802093630848
2017-04-17,421,57572.37,9056.37,66628.74,449.0,15.80052710384435,3.9498806682577565,419,136.7514726840855,-29.950083194675535,548.5,98.36157786453,-1.2962378478271397,-40.28640807814783,79355.4625,16216.374319767818,-1.3432776075874324,-14.75565618756971,144.53876664869074,13.567570909818807,-0.5739637563986923,14.6312469810969,13.843222021401484,1.4311124452522346,1.3676808478161828,-3.0365911486807007,4.066818373383039,0.09739517892273152,-1.200651884607705
2017-04-24,621,93270.19,14195.59,107465.78,708.0,15.686126814628699,3.933224755700326,614,150.19354267310788,47.50593824228029,542.25,90.5883546599672,0.8693170363408885,62.005125027856245,81624.89,17687.416304908234,0.6583946348777039,9.829561411799471,149.5049232148005,9.723558077591619,0.07081969921014208,-0.7240283090797495,14.667266928492674,1.2533074626378984,0.812936902164118,-0.42168141157482575,4.036105870719336,0.11890649119691417,-0.8652270703088396
2017-05-01,673,89266.75,14971.97,104238.72,763.0,15.067865381854721,4.088059701492537,670,132.64004457652302,8.373590982286627,579.0,109.61751684835778,0.8575271790733713,-4.29230389688281,84130.8725,17945.640698536197,0.28619081292644677,-11.687252184196472,145.00199709657386,12.723289571345367,-0.971600343663614,-3.9414537449575793,15.084576615325338,0.92498292131429,-0.01806653191701251,3.936590340224333,4.011185930192086,0.08090879895373017,0.9501286917435683
2017-05-08,795,104708.33,17232.170000000002,121940.5,882.0,13.215664693431904,4.137974683544304,790,131.70859119496856,18.127786032689453,627.5,155.78938774298248,1.075169512035938,17.298243746971863,86204.41,20178.304712504152,0.9170205457613807,-0.7022414569659463,137.82341278217126,8.532829114488385,-0.7166229986746118,-12.292389409407022,14.942545998439918,1.195389475844674,-1.4446181264794746,1.220994449605084,4.027284952248731,0.10129911239297427,1.0927018873192949
2017-05-15,827,114865.18000000001,18184.93,133050.11,920.0,10.87321221997253,4.056234718826406,818,138.89380894800485,4.025157232704402,729.0,97.91152468768254,1.0009036251105237,9.700135605257,100527.6125,11583.342151832787,1.2377746691814182,5.455390333953236,138.35899684815107,8.510323325275857,0.06284274749766282,-17.72481769020333,13.710717277471964,2.1633774388687623,-1.3116088790235216,-1.975361643534379,4.053873464890893,0.0871844793172695,0.027083420741900354
2017-05-22,931,129634.42,20130.4,149764.82,1048.0,10.378121598846652,4.167573449401523,919,139.242126745435,12.575574365175335,806.5,106.26225419530053,1.1716295776219854,12.857891312232294,109618.67,16994.78549285638,1.177758319362928,0.2507799304147129,135.62114286623284,4.0007030686058265,0.905086885256897,-4.553305969844557,12.383715973526453,2.1756858768389233,-0.921821663701632,2.744878891212954,4.112460638316192,0.049816825102814384,1.1063091831240996
2017-05-29,796,109499.31,17187.22,126686.53,895.0,10.553989832970226,4.201520912547529,789,137.5619472361809,-14.500537056928032,837.25,64.24108239021714,-0.6421124686137246,-15.532225160570778,114676.80999999998,10800.349993239499,-0.47938261290058676,-1.2066603322756109,136.85161853114732,3.5043006088313584,0.20270198944789594,1.6946056417677546,11.255247086305328,1.322913286340735,-0.5300855774718432,0.8145618441561142,4.140825941079941,0.062083581605084655,0.9776332147470214
2017-06-05,823,121718.34,16782.26,138500.6,901.0,11.895259355831811,4.159509202453988,815,147.89591737545564,3.3919597989949812,844.25,59.44955845084133,-0.35744588443952136,11.159001823847102,118929.3125,8714.358287903953,0.32004967065346995,7.512230196576297,140.8984500762691,4.720833006807987,1.4822526636920577,12.708648995202898,10.925145751905305,0.6784319264432213,1.4299350695543902,-0.9999167198734171,4.146209570807361,0.062684697826009,0.21216711746049535
2017-06-12,826,99242.26,17861.06,117103.32,924.0,12.430121870767362,4.138141809290953,818,120.14801452784504,0.36452004860267895,844.0,59.54829972383762,-0.30227563311592703,-18.46564782266995,115023.58249999999,13389.847857468743,-1.1786035710030347,-18.76177743106218,136.21200147122914,11.627117443286808,-1.3815966873766319,4.496434242716418,11.314373164604014,1.0061599852697285,1.1089177889182718,-0.5136998651289915,4.166686343423498,0.026334615650718363,-1.0839168686240497
2017-06-19,783,111969.42,16091.4,128060.82,877.0,12.397926757669163,4.110397946084724,779,143.00053639846743,-5.205811138014527,807.0,20.928449536456334,-1.1467643581619926,12.82433511691492,110607.33249999999,9232.23260852037,0.14753608988826242,19.020307543514313,137.15160388448726,12.09601472415473,0.48354211261832747,-0.25900882897950117,11.81932445430964,0.8783871436964661,0.6587098951888386,-0.6704425436542261,4.152392467594298,0.03843120744690998,-1.0927192846487206
2017-06-26,577,78648.36,14948.86,93597.22,641.0,11.364394591750841,4.160278745644599,574,136.3056499133449,-26.30906768837803,752.25,118.46623991669524,-1.4793244060352955,-29.75907171797443,102894.59499999999,18600.226586730114,-1.3035451416112254,-4.681721239469628,136.83752955377827,12.09811834315672,-0.04396383184119129,-8.336330631079058,12.021925644004794,0.5021262889810836,-1.3094933818108132,1.2135272597483704,4.142081925868566,0.02348214437066391,0.774921552682665
2017-07-03,776,96496.09,16227.05,112723.14,843.0,11.528634861111112,4.189856957087126,769,124.35063144329897,34.48873483535528,740.5,111.21900317241952,0.3191900573408791,22.69307332028283,96589.0325,13729.194002531984,-0.006769698205361793,-8.77074316262475,130.95120807073909,10.553561217825811,-0.6254359539120516,1.445217939541532,11.93026952032462,0.5627552748616357,-0.7136932822393499,0.7109670589618977,4.149668864526851,0.033678531236112474,1.1932851904533825
2017-07-10,866,107891.56,18480.55,126372.11,937.0,11.955484395391748,4.195093457943925,856,124.58609699769053,11.5979381443299,750.5,122.67708289108714,0.941496139931376,11.809255691085507,98751.35749999998,14916.179336283141,0.6127710249344318,0.18935613889419223,132.06072868820047,9.18358077186165,-0.8139125550473836,3.7025158609238717,11.811610151480718,0.4635168938228572,0.3103969797614645,0.12498042082180749,4.163906776690094,0.038826015815376806,0.8032418624184398
2017-07-17,984,118577.3,22054.0,140631.3,1127.0,12.039781166979216,4.140206185567011,970,120.5053861788618,13.62586605080831,800.75,171.76995274688372,1.0668338499809278,9.904148202139273,100403.3275,17077.39264068416,1.0642123702598145,-3.275414285515643,126.43694113329904,6.839909095394448,-0.8671979220354216,0.7050887174421927,11.722073753808228,0.32699210804247586,0.9716057524229845,-1.3083682861219414,4.171358836560666,0.025811940349760476,-1.2069085303749407
2017-07-24,957,120643.51,19634.28,140277.79,1078.0,11.3926600749086,4.172955974842767,954,126.0642737722048,-2.7439024390243927,895.75,94.45413348992902,0.6484628860263766,1.742500461724128,110902.11499999999,11111.559132106611,0.8766902001945391,4.612978531177148,123.87659709801403,2.371995711095932,0.9222936887942338,-5.374857591643245,11.72914012459767,0.31683369489253316,-1.0620084136038663,0.791018316670411,4.174528143860208,0.02475461704279924,-0.06351013286621277
2017-07-31,913,110666.87,19953.71,130620.58,1034.0,10.966680373846541,4.206174200661522,907,121.2123439211391,-4.597701149425292,930.0,51.73651192984182,-0.32858805833398935,-8.269520672931352,114444.81,6129.689266083159,-0.6163346682031873,-3.848774681265388,123.09202521747405,2.6639829358446883,-0.7055905918327314,-3.7390714570712413,11.588651502781525,0.5044287429189005,-1.2330207936524769,0.7960358560937353,4.178607454753806,0.029087858185542496,0.9477062811526531
2017-08-07,993,126765.06,21679.48,148444.54,1114.0,11.242690565694827,4.229757085020243,988,127.65867069486404,8.762322015334068,961.75,35.920050111323576,0.8699876504389572,14.546530501856614,119163.185,6646.063883575632,1.143816119310327,5.318209816913488,123.86016864176743,3.5379955906323275,1.0736310873744548,2.5168071142705806,11.410453045357297,0.4551369420382733,-0.36859780907075224,0.560673030494363,4.187273361522886,0.039082882425915365,1.0870161272748537
2017-08-14,941,123890.36,20571.96,144462.32,1056.0,10.97568021611744,4.251336898395722,935,131.65819341126462,-5.236656596173217,951.0,33.386624068130395,-0.2995211489365773,-2.267738444647127,120491.45,7010.855060552059,0.4848067704501028,3.132981641302246,126.64837044986814,4.320902144980403,1.1594391155597905,-2.374968411850853,11.144427807641852,0.2092404740951393,-0.8064768169454901,0.5101903712604328,4.215056039730063,0.03358434142521152,1.0802909071911246
2017-08-21,1062,131170.86,22665.36,153836.22,1204.0,11.27366546530708,4.238593155893536,1052,123.51305084745762,12.85866099893731,977.25,65.5050888608409,1.2937926117472036,5.876566990361476,123123.28749999999,8827.545284299591,0.911643298427839,-6.186582355997983,126.01056471868134,4.614197709857129,-0.5412671992551112,2.714959285640073,11.114679155241472,0.16622064890432686,0.9564774961089021,-0.2997584714350521,4.231465334992755,0.019045948445807717,0.3742434209071759
2017-08-28,868,106779.25,18996.94,125776.19,1011.0,10.989206486992947,4.229336437718277,859,123.01756912442396,-18.267419962335218,966.0,82.0040649398959,-1.1950627090477548,-18.59529624186347,122151.38249999999,10676.508399129993,-1.4398089642539538,-0.40115738347812346,126.46187101950255,4.041157087336317,-0.8523058670181188,-2.5232164213982555,11.120310683528073,0.15979237268632412,-0.8204659229416843,-0.21839128774103767,4.237255894256944,0.010312013674635308,-0.7679835179182521
2017-09-04,1004,184701.33,23249.97,207951.3,1129.0,11.547732797795232,4.262,1000,183.96546812749003,15.668202764976957,968.75,83.38415117195032,0.42274220585767364,72.97492724475963,136635.44999999998,33635.40080327373,1.4290265271737672,49.54406060602725,140.53857037765906,29.221056012338586,1.4861508677678852,5.082499009035546,11.196571241553174,0.27144732114502734,1.293663738366537,0.7723093861822239,4.245316623001884,0.01431956837727983,1.1650754099953564
2017-09-11,934,131652.71,20800.66,152453.37,1039.0,11.541358589798499,4.19284940411701,923,140.95579229122055,-6.972111553784865,967.0,84.22984427545063,-0.3917851241904537,-28.72129832524758,138576.03749999998,32870.186192604575,-0.21062635481990838,-23.37921147596206,142.86297009764803,28.64327719992619,-0.06658378484820858,-0.05519878324471428,11.33799083497344,0.2652912922618034,0.7665828497090866,-1.622491691294925,4.230694749432206,0.028731624333241727,-1.3172017313135282
2017-09-18,1167,165274.91,26300.5,191575.41,1326.0,12.243242244659058,4.111882046834345,1153,141.62374464438733,24.946466809421853,993.25,128.45589385725617,1.3526043436595905,25.538555188115765,147102.05,34682.21928391935,0.5239820396506745,0.4738736467010618,147.39064354688045,25.86135458903249,-0.2229929171977249,6.0814647547729805,11.580385029811435,0.5136344316211215,1.2905233256180428,-1.9310819320904393,4.199016972167408,0.06459273925838713,-1.348989473638853
2017-09-25,947,118981.5,20865.5,139847.0,1072.0,11.802594521604938,4.187898089171974,942,125.64044350580781,-18.851756640959728,1013.0,107.07318369538967,-0.6164008365321616,-28.00994415909832,150152.6125,30200.34442171411,-1.0321442717583014,-11.285749560367208,148.04636214222643,25.05815609775228,-0.8941567188348879,-3.599109731299699,11.783732038464432,0.329618948222491,0.05722511779806325,1.8486921918432042,4.188657385030832,0.06135074376055664,-0.01237631057613966
2017-10-02,971,149743.31,21601.58,171344.89,1101.0,11.664559764759417,4.206611570247934,968,154.21556127703397,2.5343189017951406,1004.75,109.24704420105225,-0.3089328434176064,25.854279867038144,141413.1075,20307.800362029022,0.4101971829295492,22.74356646146769,140.60888542961243,11.695386053761677,1.1634225484198635,-1.1695289251261176,11.812938780205478,0.30607199983717065,-0.48478467656302393,0.44684662036891254,4.174810277592815,0.04269264315474359,0.7448892901723538
2017-10-09,1049,152171.28,24295.86,176467.14,1191.0,12.398832683282597,4.11313518696069,1043,145.06318398474738,8.032955715756952,1033.5,99.08077512817508,0.15643801716274974,1.6214213509772257,146542.75,19599.66202176798,0.28717484994122766,-5.9347949172555925,141.63573335299412,11.91426217405289,0.28767628088776054,6.294904679913782,12.027307303576503,0.34963820245377975,1.0625995017097933,-2.2221301331545096,4.154881723303736,0.04952374162334736,-0.8429600626816225
2017-10-16,1072,155316.75,23764.04,179080.79,1198.0,11.9203493439487,4.126295947219604,1061,144.88502798507463,2.19256434699715,1009.75,60.15189107584231,1.0348801822624711,2.0670589088821467,144053.21,16869.482052813622,0.6676873637694992,-0.1228126908420002,142.45105418816595,12.024249236107213,0.20242210129841423,-3.859099897194662,11.946584078398914,0.31910696631926827,-0.08221297940567422,0.3199690664346555,4.158485198400051,0.045731233819309595,-0.7038789136464385
2017-10-23,1113,155830.83,25521.92,181352.75,1303.0,11.498615452742264,4.083107497741644,1107,140.00973045822101,3.824626865671643,1051.25,59.69017227874838,1.0345086576670006,0.3309881258782399,153265.54249999998,2851.413939824509,0.8996545412687038,-3.3649422543203356,146.04337592626925,5.929925160754724,-1.0174909976908224,-3.5379323125334983,11.870589311183245,0.3925684001507624,-0.9475389723119024,-1.0466638852470345,4.132287550542468,0.05274292950976524,-0.9324482590925929
2017-10-30,966,136501.65,21975.78,158477.43,1125.0,11.691204964981006,4.189727463312369,954,141.30605590062112,-13.207547169811317,1050.0,61.94083198235766,-1.3561328983105259,-12.40395113085132,149955.1275,9113.694173189358,-1.476182681176357,0.925882392714783,142.81599958216603,2.5485808200317015,-0.5924645079633492,1.6748930602145773,11.877250611238642,0.3881077704194509,-0.4793659401783309,2.6112456169644416,4.128066523808577,0.04490532725226362,1.3731319484078288
2017-11-06,986,152401.19,22977.79,175378.98,1141.0,12.54927865564187,4.0755873340143,979,154.5651014198783,2.0703933747411973,1034.25,69.79195273573207,-0.691340449846691,11.647873853539515,150012.60499999998,9133.034173553751,0.2615324715324699,9.3832110978896,145.19147894094874,6.580418935661018,1.4244719934366832,7.339480346389249,11.91486210432846,0.45672685539494035,1.3890502470340151,-2.724285297732243,4.11867956057198,0.0523708744535108,-0.822828089226054
2017-11-13,1229,156118.7,26794.6,182913.3,1388.0,12.91410734831408,4.09038619556286,1217,127.02904800650937,24.645030425963487,1073.5,122.4105115312134,1.270315743761508,2.439291976657154,150213.0925,9295.636981281006,0.6353096094320776,-17.81518153866236,140.72748394630744,11.254283926837388,-1.2171752577818185,2.9071686324232626,12.163301605419804,0.6775865175596935,1.108058858075097,0.3631099111789382,4.109702122657794,0.05369125647327462,-0.3597592674060181
2017-11-20,1338,195712.19,30885.05,226597.24,1529.0,13.707498301384913,4.036897590361446,1328,146.2721898355755,8.86899918633035,1129.75,183.20912459081654,1.13667919359972,25.36114507743146,160183.4325,25167.47093966388,1.411693593892534,15.148615321497205,142.29309879064607,11.552787745578714,0.3444269151791721,6.143598869606803,12.715522317580467,0.8367228455602628,1.1855490609201986,-1.3076663826862345,4.098149645812744,0.06508363856985411,-0.9411283203774268
2017-11-27,3181,410808.25,70394.38,481202.63,3709.0,16.871398549552467,3.760152284263959,3152,129.14437283872996,137.74289985052314,1683.5,1009.1172710179261,1.483970241129089,109.90427320853135,228760.08250000002,122937.85612270057,1.4808145614504875,-11.70955122508175,139.25267802517328,13.358378405212605,-0.7567015156943698,23.081529383431665,14.010570713723332,1.9675530644323993,1.4540028869078696,-6.855395756341398,3.9907558510506416,0.155380877385001,-1.484118063095341
2017-12-04,2032,266845.52,43207.17,310052.69,2269.0,16.193059708847215,3.8768619662363455,2014,131.32161417322837,-36.12071675573719,1945.0,897.472376547973,0.09693891675489306,-35.04377772354863,257371.16500000004,112081.21062067764,0.08453116224863542,1.6858971758817898,133.4418062135108,8.731272522932983,-0.24282738108490792,-4.020643805627156,14.921515977024669,1.9080875091717984,0.6663969685407447,3.10385519386569,3.9410745091061523,0.15092177302326137,-0.4254690465365115
2017-12-11,1622,209447.57,34558.4,244005.97,1802.0,16.083605386696373,3.9743589743589745,1599,129.12920468557337,-20.177165354330707,2043.25,810.2326312033271,-0.5199124100622501,-21.509804624038665,270703.3825,98353.46209440839,-0.6228129767430173,-1.6694962984257544,133.9668453832768,8.26796547338629,-0.5851065432330694,-0.6759335426339552,15.713890486620244,1.382235721285678,0.26747601323183956,2.514843421605728,3.9120677038051808,0.12080347900205539,0.5156413628843739
2017-12-18,1343,184509.22,28286.96,212796.18,1508.0,15.001454145462256,4.030757689422356,1333,137.38586746090843,-17.200986436498155,2044.5,808.7844789147065,-0.8673509671468107,-11.90672682428352,267902.64,101315.65950067114,-0.8231049416348871,6.394109524208602,131.74526478961002,3.898901030987664,1.44671604292288,-6.728287689333778,16.037379447639577,0.7735421288286153,-1.3391970050112658,1.419064443530238,3.910532728570409,0.11870949011384882,1.0127662138607874
2017-12-25,859,111097.44,18756.62,129854.06,962.0,15.155246070650483,4.102594339622642,848,129.33345750873107,-36.03871928518243,1464.0,492.6980143387361,-1.227932693846935,-39.787594354363435,192974.93750000003,64559.542413758594,-1.2682477979049418,-5.861163233888355,131.79253595711032,3.8577854145934847,-0.6374326677364897,1.0251801171871522,15.608341327914083,0.616814092724427,-0.7345734518845188,1.7822120736456615,3.9961432424100796,0.09527604319358267,1.117291332053684
2018-01-01,861,98006.67,17121.73,115128.4,940.0,14.022430129937174,4.151230949589683,853,113.8288850174216,0.2328288707799775,1171.25,377.01845666580664,-0.8229040104394917,-11.783142797889855,150765.225,54587.1569319906,-0.9665012425126148,-11.988060003934242,127.41935366815862,9.8424187295263,-1.380805777950387,-7.47474462263672,15.065683933186572,0.8439370880202066,-1.2361748500670453,1.1855086304125129,4.064735488248414,0.07796828957100396,1.1093671775690286
2018-01-08,1602,215518.63,34449.53,249968.16,1814.0,13.629954373155288,4.085804416403786,1585,134.53098002496878,86.06271777003485,1166.25,369.0974351938343,1.1805825737346634,119.90200258819121,152282.99,56802.12586329086,1.1132618548853803,18.18703135357842,128.76979750300748,10.503594052748301,0.5484963045057771,-2.7989139767148563,14.4522711798013,0.7431338788261087,-1.1065527088402771,-1.5760754817161993,4.092596848759617,0.049692810910471674,-0.13668843101004152
2018-01-15,1799,237159.08000000002,39376.03,276535.11,2010.0,13.90035324391353,4.084688726864835,1783,131.8282823790995,12.297128589263417,1280.25,491.88303148885586,1.0546206451355353,10.041104103158037,165445.45500000002,71067.72197919792,1.0090885567007641,-2.0089778914623713,127.38040123255524,9.28030969862612,0.479281542425544,1.983857490314156,14.176995954414117,0.6724704615351818,-0.4113826945930679,-0.027306484237754614,4.106079608120236,0.03119531980393884,-0.685708028955691
2018-01-22,1757,221405.09,38094.86,259499.95,1973.0,13.864439656340073,3.9815880322209436,1738,126.01314171883892,-2.3346303501945553,1504.75,437.44894940247985,0.576638714859307,-6.6427943640193,193022.3675,63999.20031974379,0.4434855804166028,-4.41114801415522,126.55032228508222,9.195493277162603,-0.05841780859950211,-0.2583645677435076,13.854294350836517,0.16413654341746406,0.06181015691157077,-2.524077146094439,4.075828031269812,0.07010662759599338,-1.344238088186891
2018-01-29,1523,206688.91,33085.65,239774.56,1733.0,14.739807442395163,4.0112732095490715,1508,135.71169402495076,-13.318155947638022,1670.25,129.66977288481726,-1.1355769099001882,-6.6467216268605185,220192.92750000002,12826.10897529561,-1.0528537942418956,7.696460999084742,132.0210245369645,4.322527166564662,0.853822161381449,6.3137624581516505,14.033638678951014,0.485808143768607,1.4535959771405162,0.7455612456110705,4.0408385962596585,0.05269250536706227,-0.5610928253388399
2018-02-05,1623,205203.48,35167.01,240370.49,1865.0,15.756965378612513,4.052631578947368,1615,126.4346765249538,6.565988181221272,1675.5,126.36850873536527,-0.4154516067760436,-0.7186791008767734,217614.14,14941.676765506172,-0.8306069121138275,-6.83582764672539,129.99694866196074,4.639418005364891,-0.767827372503972,6.900754573575796,14.56539143031532,0.8914180834195327,1.3367172715705355,1.031053414657479,4.0325453868955545,0.04535614820060097,0.4428548906528943
2018-02-12,1531,190547.28,30928.81,221476.09,1699.0,16.610572341846883,3.892692560895326,1519,124.45935989549314,-5.668515095502158,1608.5,108.90209670463994,-0.7116483735863461,-7.14227653449152,205961.19,12612.247612811403,-1.2221382320739325,-1.5623218912343306,128.15471804105917,5.109091563286636,-0.7232906476212846,5.417330956333766,15.24294620479866,1.1955536904382917,1.1439269921427362,-3.946547198686756,3.9845463454031775,0.06781296247555672,-1.3545166168040566
2018-02-19,1681,197628.71,35662.28,233290.99,1922.0,15.914415229298497,3.8830233953209357,1667,117.56615704937536,9.797517962116252,1589.5,76.0241189798787,1.2035654109219907,3.716363728729166,200017.095,7456.395103196112,-0.3203136323846695,-5.5385170323115185,126.04297187369326,7.483355687464332,-1.1327558355294738,-4.191048316827484,15.755440098038264,0.7720181915926255,0.20592148344623457,-0.24839273647047078,3.959905186178175,0.08498079097427974,-0.9046961080946925
2018-02-26,1796,227331.91,38234.14,265566.05,2059.0,18.160698447805682,3.6739864864864864,1776,126.5767873051225,6.841165972635332,1657.75,110.94555721914575,1.2461066802965441,15.029800073076437,205177.845,15935.768202850057,1.3902100430927342,7.664306193118864,123.7592451937362,4.24032143895314,0.6644642751616229,14.11477070405811,16.610662849390895,1.0979026193371901,1.4118151930000424,-5.383354349251146,3.8755835054125294,0.15527980135186023,-1.2982823082651238
2018-03-05,1868,254365.68,42637.22,297002.9,2139.0,18.873735786449068,3.5094543490005403,1851,136.1700642398287,4.008908685968815,1719.0,147.10313842108678,1.01289477300942,11.891762137572325,217468.39500000002,29309.032181615396,1.2589049263504661,7.579017558393941,126.19309212245491,7.683684680628927,1.2984619400801776,3.926266055750416,17.38985545135003,1.3638555382545288,1.0880040396346649,-4.478300018008275,3.739789197925822,0.18373859436075246,-1.253600800238202
2018-03-12,1611,220042.71,39308.73,259351.44,1808.0,18.154261479951998,3.6147077309868005,1591,136.58765363128492,-13.758029978586727,1739.0,114.94636430382107,-1.1135628410279785,-13.493553847358653,224842.2525,23391.192569167826,-0.20518588292613765,0.30666754384485184,129.22516555640289,9.044044727602593,0.8140702856556632,-3.812039728847094,17.77577773587631,1.286026977518077,0.2943046691027656,2.999138085846176,3.670292990448691,0.1572965953460843,-0.35337865603252
2018-03-19,1666,232589.7,40772.81,273362.51,1911.0,16.198353944698123,3.730466384009691,1651,139.60966386554622,3.414028553693349,1735.25,117.68142022709766,-0.5884531293585994,5.7020702935352885,233582.5,14779.738510819503,-0.06717304228848227,2.212506148190485,134.73604226044557,5.651268668232803,0.8623942500728199,-10.773820446586658,17.846762414726218,1.1496428863301371,-1.4338439263431666,3.2024346541369875,3.6321537376208792,0.09447196838726177,1.0406541545297987
2018-03-26,1685,221328.62,39481.1,260809.72,1950.0,13.730233037363702,3.99165673420739,1678,131.35229673590504,1.140456182472982,1707.5,111.50635258435615,-0.20178222566268975,-4.841607345467159,232081.6775,15889.197990509972,-0.6767526911315723,-5.914609992610254,135.92991961814124,3.4149393576685063,-1.3404697427369532,-15.23686243528628,16.739146062115722,2.3025376321072906,-1.306781258553526,7.001546812411119,3.7115712995511054,0.20739550584825128,1.350489411574904
2018-04-02,1481,210340.26,35754.85,246095.11,1697.0,13.698107667039869,3.959809264305177,1468,142.02583389601622,-12.106824925816028,1610.75,92.01585008392168,-1.4100831528662015,-4.964726206669512,221075.3225,9109.571967443153,-1.1784376410182842,8.125885443458403,137.3938620321881,4.601283311097529,1.0066695638272412,-0.23397541932763666,15.445239032263423,2.152494542254172,-0.8116774890373907,-0.7978509181235105,3.8241600283772645,0.18175498667967072,0.746330202026226
2018-04-09,1561,236362.73,36455.11,272817.84,1758.0,11.565333327285483,4.1506761107533805,1553,151.4175080076874,5.40175557056044,1598.25,95.30783458527121,-0.3908388031486824,12.371606843121707,225155.3275,11761.599672746877,0.9528807995369009,6.612651976081518,141.1013256262887,8.257258495430554,1.2493471516130323,-15.569846518919018,13.798006994096795,1.8939438895676097,-1.1788488978525309,4.820102022810291,3.95815212331891,0.17323547239666362,1.1113427566014966
2018-04-16,1581,223703.46,38737.72,262441.18,1837.0,11.709218779907168,4.140115163147793,1563,141.4949146110057,1.2812299807815508,1577.0,83.96824796711404,0.04763705444427744,-5.3558655376844015,222933.76750000002,10678.676416427246,0.07207751878462582,-6.5531347908446165,141.5726383126536,8.197322092573803,-0.009481596644629832,1.244109863070042,12.675723202899054,1.2006050501069851,-0.8050144574235807,-0.25443921240269063,4.060564318103435,0.09890788324856722,0.8042922609559512
2018-04-23,1677,231788.24,38480.01,270268.25,1941.0,11.34932699293728,4.179256594724221,1668,138.21600477042338,6.072106261859589,1575.0,80.56467381344476,1.2660635880707567,3.6140612219408563,225548.67250000002,11410.180573223164,0.5468421345270098,-2.317334053733744,143.28856532128316,5.6751579497499,-0.8938183916243813,-3.073576416451085,12.080496691792451,1.0885027906485336,-0.6717205551852901,0.9454189082669817,4.107464283232643,0.09981563438107478,0.7192491630869169
2018-04-30,1631,235117.56,36895.88,272013.44,1875.0,11.195430548321758,4.215965346534653,1616,144.15546290619253,-2.7429934406678624,1612.5,52.112058745234336,0.35500420527315724,1.4363627766447618,231742.9975,5696.952709875629,0.5923451837945256,4.297228924851781,143.82097257382725,5.616803483119425,0.059551724280641934,-1.355996216439026,11.454827412112923,0.22755482613158132,-1.1399312781051358,0.878356018072024,4.171503303790011,0.033940998355477085,1.309980404199482
2018-05-07,1902,264990.12,41348.29,306338.41,2164.0,10.610801576112902,4.225925925925926,1890,139.32182965299685,16.61557326793379,1697.75,141.6977416898381,1.4414485196742401,12.705371729784876,238899.845,18041.740235179663,1.446106343396213,-3.3530697732496617,140.7970529851546,2.6206883200843336,-0.5629144529900758,-5.22203205750309,11.216194474319776,0.4574308454967387,-1.3234632167174012,0.23625856885802765,4.190315757583148,0.0390230285326836,0.9125424059015027
2018-05-14,1979,295467.71,45488.3,340956.01,2287.0,10.63367983778352,4.165314401622718,1972,149.30152097018697,4.048370136698209,1797.25,169.41541645710228,1.0728067362513078,11.501406165633664,256840.90749999997,29765.637409690382,1.2976978106783248,7.163049280967759,142.74870457494993,5.073040211447266,1.291694156188764,0.21561294409766507,10.947309738788864,0.38069378206484683,-0.823837729379884,-1.4342779633537583,4.19661556720188,0.028951729832350157,-1.081150099162178
2018-05-21,1679,230705.46,37007.98,267713.44,1962.0,12.784539577858634,4.105988023952095,1670,137.4064681357951,-15.159171298635677,1797.75,168.9445175198061,-0.7028934809090707,-21.918554145899737,256570.2125,30072.755528568152,-0.8600725821559424,-7.9671343982939735,142.54632041629287,5.324080397090813,-0.9653971948482003,20.22686194136383,11.306112885019203,1.0220274107649374,1.4465626628672328,-1.424295310037338,4.178298424508848,0.055028946277147515,-1.3140429800812325
2018-05-28,891,135457.03,19200.7,154657.73,1038.0,12.026972463130551,4.3047404063205414,886,152.02809203142536,-46.93269803454437,1612.75,497.7002946888151,-1.4501699269663302,-41.28572856489829,231655.08000000002,69373.97024164372,-1.3866591412445122,10.641146733485707,144.51447769760108,7.230896147710565,1.0390986373387796,-5.925650353807832,11.513998363721402,1.0751965010703453,0.4770979992015316,4.840549490379242,4.20049218945532,0.08501584112131423,1.2262210840972914
2018-06-04,1165,184546.96,28988.23,213535.19,1318.0,11.106442199775534,4.271317829457364,1161,158.40940772532187,30.751964085297413,1428.5,491.30404706929363,-0.5363277619466381,36.24022319107394,211544.29,68138.13866380024,-0.3962146681641436,4.19745825171407,149.28637221568232,8.791646696159521,1.0376935999515073,-7.653881857441358,11.63790851963706,0.9586562175617706,-0.554386765688797,-0.7764132957728154,4.211840165338179,0.09226297529161777,0.6446536536589277
2018-06-11,1507,225231.32,39156.26,264387.58,1756.0,10.105702382724319,4.181636726546906,1503,149.4567485069675,29.356223175965667,1310.5,351.9256550276872,0.5583565653505445,22.045532475853303,193985.19249999998,44118.494109115905,0.7082319587500122,-5.65159566398864,149.32517909987746,8.792078434384427,0.014964539735620817,-9.010444560468168,11.50591415587226,1.1585271659428322,-1.208613672868362,-2.099612028212161,4.2159207465692266,0.08984869927042843,-0.381575028917575
2018-06-18,1466,205758.8,37571.23,243330.03,1670.0,8.79323280857794,4.339712918660287,1463,140.3538881309686,-2.720637027206374,1257.25,287.86614366171426,0.7251634295879978,-8.645564924096705,187748.5275,38617.70058048461,0.46637350824304263,-6.090631883092601,150.06203409867084,7.486843995427466,-1.296694037384965,-12.98741566335897,10.508087463552085,1.3865641316175301,-1.2367654808534818,3.7802468853844307,4.274351970246275,0.0678253469070476,0.9636655232090051
2018-06-25,1452,194005.21,34953.42,228958.63,1653.0,8.455647568236294,4.324792243767313,1444,133.61240358126722,-0.9549795361528002,1397.5,156.74714245135928,0.34769373876727655,-5.712314613032343,202385.5725,17528.580605752468,-0.47809703982818663,-4.80320469883293,145.4581119861313,10.802762981855304,-1.096544321555565,-3.8391482142076994,9.615256239828522,1.222645734869181,-0.9484420863058111,-0.343817095108212,4.279364929607968,0.07146345954116146,0.6356719147242036
2018-07-02,1355,173007.47,38057.57,211065.04,1558.0,8.391354279542108,4.311292719167905,1346,127.68078966789668,-6.68044077134986,1445.0,64.37908563086866,-1.3979695287384846,-10.823286652971841,199500.69999999998,21858.028787056784,-1.2120594340001936,-4.439418612631085,137.775957471775,9.35118886700283,-1.0795598236178017,-0.7603591348308347,8.936484259770165,0.7991584358106295,-0.682130045558615,-0.3121427305291635,4.289358652035602,0.07274661073956472,0.30151325139843244
2018-07-09,1149,152826.03,28220.67,181046.7,1286.0,8.85174937371058,4.304920913884007,1138,133.0078590078329,-15.2029520295203,1355.5,146.24750710126096,-1.411989879984898,-11.665068566114511,181399.3775,23374.835303490272,-1.2223978106803388,4.172177626557749,133.66373509699136,5.195722342927838,-0.12623386044698873,5.486541013896917,8.622996007516731,0.2330751389926487,0.9814575985346282,-0.14779338121879704,4.320179698869878,0.015434065928824537,-0.9886432425673396
2018-07-16,1098,177384.02,30797.03,208181.05,1205.0,11.091232584499442,4.1255728689275895,1091,161.55193078324226,-4.43864229765013,1263.5,167.7349099025008,-0.9866759406029438,16.069245533630628,174305.6825,16937.221069812356,0.18174985656216025,21.460439998307447,138.96324576005978,15.293142798207379,1.4770466294102913,25.299894023661107,9.197495951497107,1.278799248023353,1.480870931015556,-4.166117067981279,4.266644686436703,0.09441206231764102,-1.4942139176505886
2018-07-23,1740,231130.21,43025.4,274155.61,1956.0,8.809430310393775,4.296875,1728,132.8334540229885,58.46994535519126,1335.5,291.6556188383828,1.386909676594122,30.29934150776379,183586.9325,33451.44495298664,1.4212622972436113,-17.77662242785941,138.76850837049008,15.388651598423893,-0.3856773486319919,-20.573026998771994,9.285941637036476,1.2213309558471337,-0.39015741340330257,4.152202288380358,4.259665375494875,0.08958943918963141,0.4153349417263816
2018-07-30,1627,241322.59,42136.71,283459.3,1865.0,8.302989474143956,4.26980198019802,1616,148.32365703749232,-6.494252873563222,1403.5,327.25372419576837,0.682956322496421,4.4097999997490644,200665.7125,42472.4998218176,0.9572518140106052,11.66137184976237,143.929225212889,13.811386133235896,0.3181745685922501,-5.748848885861513,9.263850435686939,1.2435036845903704,-0.7727045552418327,-0.6300630063006296,4.249292690752404,0.08383674736861257,0.24463364919729708
2018-08-06,2142,293930.63,52406.17,346336.8,2423.0,8.717869361035689,4.155399061032864,2130,137.2225163398693,31.653349723417335,1651.75,430.26532511928036,1.1394132210493382,21.799882058285558,235941.8625,47762.685235212266,1.2141019127050408,-7.484403310536603,144.98288954589808,12.826093595738094,-0.6050457333796033,4.99675313552661,9.230380432518215,1.2599856249069292,-0.40675945927588175,-2.679349527114372,4.211912227539618,0.08409938367028624,-0.671980745165925
2018-08-13,1908,262075.33,47082.09,309157.42,2145.0,8.345679858111351,4.2162019989479225,1901,137.3560429769392,-10.924369747899155,1854.25,223.89338980863204,0.2400696154805715,-10.837693233944357,257114.68999999997,27716.45125536827,0.17897817993705853,0.09730665245868408,138.9339175943223,6.603066084724678,-0.23896090045703486,-4.269271395460795,8.543992250921193,0.2569700088821813,-0.7717336107528634,1.463227406610268,4.234569510044702,0.06252633176591754,-0.29375641554573856
2018-08-20,1839,241476.0,40726.79,282202.79,2016.0,7.406833856281531,4.351558228540186,1829,131.3083197389886,-3.6163522012578664,1879.0,212.221582314335,-0.1884822437180467,-7.860079771720596,259701.13749999998,24814.11958232846,-0.734466416974114,-4.4029538903985195,138.55263402332236,7.098216287156582,-1.0205823535472613,-11.24948497655749,8.193343137393132,0.5564630578350941,-1.4134078983993947,3.2103829376780135,4.248240317179748,0.0832375091691567,1.2412422283140765
2018-08-27,882,97300.7,15829.08,113129.78,980.0,5.121342019882368,4.392735527809307,881,110.31825396825397,-52.039151712887445,1692.75,555.8365317249309,-1.4586122964678025,-59.7058506849542,223695.665,86982.32863466561,-1.4531108442827667,-15.985328128833077,129.05128325601277,12.803107488868246,-1.4631626973409668,-30.856528993976294,7.3979312738277345,1.614868603553423,-1.409767487544105,0.9462656158213845,4.27897370408257,0.11168593629571284,1.01858682928107
2018-09-03,67,5364.95,685.43,6050.38,62.0,1.7648981481481483,3.8358208955223883,67,80.07388059701492,-92.40362811791383,1174.0,874.0125857217389,-1.2665721502006353,-94.48621644037505,151554.245,121950.2485572447,-1.1987617633380814,-27.415565677772967,114.76412432029917,25.8668640246427,-1.3411074373080456,-65.53836589518217,5.6596884706058495,2.92838267589002,-1.3300141250405266,-12.678082455937357,4.199079162704951,0.25364175094077274,-1.4321706337194715
2018-09-10,4,,,,,,3.3333333333333335,3,,-94.02985074626866,698.0,859.3668211732015,-0.807571322165494,,114713.88333333335,119014.79403156496,,,107.23348476808583,25.756140807812596,,,4.764358008104016,2.837857963707259,,-13.099870298313876,3.9783619963013033,0.4991194889780814,-1.2923331531065418
2018-09-17,4,,,,,,1.5,4,,0.0,239.25,429.52793855580575,-0.5476942915307836,,51332.825,65008.39225847112,,,95.19606728263444,21.386001503540225,,,3.443120084015258,2.3733642223753204,,-55.00000000000001,3.265472439166257,1.2539959419256086,-1.4078773145431687
2018-09-24,1,,,,,,2.0,1,,-75.0,19.0,32.03123475609454,-0.5619514869490058,,,,,,,,,,,,,33.33333333333333,2.66728855721393,1.0980164030134483,-0.6077218476723953
2018-10-01,4,,,,,,1.25,4,,300.0,3.25,1.500000000012935,0.49999999999568834,,,,,,,,,,,,,-37.5,2.020833333333333,0.9288957004003231,-0.8298384124300818
2018-10-08,1,,,,,,1.0,1,,-75.0,2.5,1.7320508075800793,-0.8660254037788376,,,,,,,,,,,,,-19.999999999999996,1.4375,0.42695628191495943,-1.024695076596017
2018-10-15,0,,,,,,,0,,-100.0,1.5,1.7320508075800793,-0.8660254037788376,,,,,,,,,,,,,,1.4166666666666667,0.5204164998665036,
2018-10-22,2,,,,,,3.0,2,,inf,1.75,1.7078251276712941,0.14638501094130618,,,,,,,,,,,,,,1.75,1.089724735885156,1.1470786693528219
